Original_Row_Index,Label,Cluster_Label
0,HONOR-60SE_1,44
1,HONOR-60SE_1,1
2,HONOR-60SE_1,44
3,HONOR-60SE_1,47
4,HONOR-60SE_1,1
5,HONOR-60SE_1,20
6,HONOR-60SE_1,1
7,HONOR-60SE_1,1
8,HONOR-60SE_1,20
9,HONOR-60SE_1,20
10,HONOR-60SE_1,1
11,HONOR-60SE_2,41
12,HONOR-60SE_2,15
13,HONOR-60SE_2,15
14,HONOR-60SE_2,41
15,HONOR-60SE_2,48
16,HONOR-60SE_2,19
17,HONOR-60SE_2,41
18,HONOR-60SE_2,7
19,HONOR-60SE_2,8
20,HONOR-60SE_2,19
21,HONOR-60SE_2,41
22,HONOR-60SE_2,48
23,HONOR-60SE_2,19
24,HONOR-60SE_2,8
25,HONOR-60SE_2,25
26,HONOR-60SE_2,8
27,HONOR-60SE_2,48
28,HONOR-60SE_2,35
29,HONOR-60SE_2,19
30,HONOR-60SE_2,41
31,HONOR-70Pro,20
32,HONOR-70Pro,1
33,HONOR-70Pro,19
34,HONOR-70Pro,10
35,HONOR-70Pro,1
36,HONOR-70Pro,10
37,HONOR-70Pro,1
38,HONOR-70Pro,19
39,HONOR-70Pro,10
40,HONOR-70Pro,10
41,HONOR-70Pro,1
42,HONOR-70Pro,19
43,HONOR-70_1,39
44,HONOR-70_1,0
45,HONOR-70_1,0
46,HONOR-70_1,9
47,HONOR-70_1,39
48,HONOR-70_1,39
49,HONOR-70_1,22
50,HONOR-70_1,3
51,HONOR-70_1,9
52,HONOR-70_1,22
53,HONOR-70_1,28
54,HONOR-70_1,22
55,HONOR-70_1,3
56,HONOR-70_1,3
57,HONOR-70_1,39
58,HONOR-70_1,39
59,HONOR-70_1,3
60,HONOR-70_1,3
61,HONOR-70_1,22
62,HONOR-70_1,3
63,HONOR-70_2,30
64,HONOR-70_2,5
65,HONOR-70_2,30
66,HONOR-70_2,37
67,HONOR-70_2,5
68,HONOR-70_2,31
69,HONOR-70_2,32
70,HONOR-70_2,5
71,HONOR-70_2,5
72,HONOR-70_2,10
73,HONOR-70_2,30
74,HONOR-80,30
75,HONOR-80,30
76,HONOR-80,5
77,HONOR-80,49
78,HONOR-80,30
79,HONOR-80,30
80,HONOR-80,5
81,HONOR-80,30
82,HONOR-80,3
83,HONOR-80,23
84,HONOR-80,30
85,HONOR-80,30
86,HONOR-80_SE_1,10
87,HONOR-80_SE_1,44
88,HONOR-80_SE_1,19
89,HONOR-80_SE_1,1
90,HONOR-80_SE_1,19
91,HONOR-80_SE_1,1
92,HONOR-80_SE_1,20
93,HONOR-80_SE_1,10
94,HONOR-80_SE_1,1
95,HONOR-80_SE_1,47
96,HONOR-80_SE_1,1
97,HONOR-80_SE_2,10
98,HONOR-80_SE_2,1
99,HONOR-80_SE_2,20
100,HONOR-80_SE_2,19
101,HONOR-80_SE_2,1
102,HONOR-80_SE_2,20
103,HONOR-80_SE_2,20
104,HONOR-80_SE_2,1
105,HONOR-V40,1
106,HONOR-V40,10
107,HONOR-V40,1
108,HONOR-V40,19
109,HONOR-V40,19
110,HONOR-V40,1
111,HONOR-V40,19
112,HONOR-V40,19
113,HONOR-V40,10
114,HONOR-V40,47
115,HONOR-V40,47
116,HONOR-V40,24
117,HONOR-V40,47
118,HONOR-V40,50
119,HONOR-V40,24
120,HONOR-V40,27
121,HONOR-V40,10
122,HONOR-V40,10
123,HUAWEI-mate30_1,48
124,HUAWEI-mate30_1,46
125,HUAWEI-mate30_1,46
126,HUAWEI-mate30_1,12
127,HUAWEI-mate30_1,12
128,HUAWEI-mate30_1,46
129,HUAWEI-mate30_1,46
130,HUAWEI-mate30_1,46
131,HUAWEI-mate30_1,46
132,HUAWEI-mate30_1,49
133,HUAWEI-mate30_1,46
134,HUAWEI-mate30_3,6
135,HUAWEI-mate30_3,46
136,HUAWEI-mate30_3,12
137,HUAWEI-mate30_3,6
138,HUAWEI-mate30_3,46
139,HUAWEI-mate30_3,9
140,HUAWEI-mate30_3,6
141,HUAWEI-mate30_3,46
142,HUAWEI-mate30_3,22
143,HUAWEI-mate30_3,46
144,HUAWEI-mate30_3,6
145,HUAWEI-mate30_3,46
146,HUAWEI-mate40,12
147,HUAWEI-mate40,46
148,HUAWEI-mate40,6
149,HUAWEI-mate40,46
150,HUAWEI-mate40,12
151,HUAWEI-mate40,46
152,HUAWEI-mate40,46
153,HUAWEI-mate40,12
154,HUAWEI-mate40,6
155,HUAWEI-mate40,35
156,HUAWEI-mate40,6
157,HUAWEI-mate40,6
158,HUAWEI-mate40pro,46
159,HUAWEI-mate40pro,46
160,HUAWEI-mate40pro,6
161,HUAWEI-mate40pro,6
162,HUAWEI-mate40pro,6
163,HUAWEI-mate40pro,12
164,HUAWEI-mate40pro,9
165,HUAWEI-mate40pro,6
166,HUAWEI-mate40pro,6
167,HUAWEI-mate40pro,12
168,HUAWEI-mate40pro,6
169,HUAWEI-mate40pro,6
170,HUAWEI-mate40pro,25
171,HUAWEI-mate40pro,6
172,HUAWEI-mate40pro,6
173,HUAWEI-mate40pro,6
174,HUAWEI-mate40pro,6
175,HUAWEI-mate40pro,6
176,HUAWEI-mate40pro,6
177,HUAWEI-mate50pro,18
178,HUAWEI-mate50pro,32
179,HUAWEI-mate50pro,18
180,HUAWEI-mate50pro,30
181,HUAWEI-mate50pro,31
182,HUAWEI-mate50pro,5
183,HUAWEI-mate50pro,30
184,HUAWEI-mate50pro,43
185,HUAWEI-mate50pro,18
186,HUAWEI-mate50pro,18
187,HUAWEI-mate60pro,33
188,HUAWEI-mate60pro,34
189,HUAWEI-mate60pro,33
190,HUAWEI-mate60pro,42
191,HUAWEI-mate60pro,44
192,HUAWEI-mate60pro,2
193,HUAWEI-mate60pro,44
194,HUAWEI-mate60pro,33
195,HUAWEI-mate60pro,33
196,HUAWEI-mate60pro,44
197,HUAWEI-mate60pro,13
198,HUAWEI-mate60pro,33
199,HUAWEI-mate60pro,44
200,HUAWEI-mate60pro,44
201,HUAWEI-mate60pro,42
202,HUAWEI-mate60pro,13
203,HUAWEI-mate60pro,13
204,HUAWEI-mate60pro,33
205,HUAWEI-mate60pro,4
206,HUAWEI-mate60pro,31
207,HUAWEI-mate60pro,33
208,HUAWEI-mate60pro,13
209,HUAWEI-mate60pro,33
210,HUAWEI-mate60pro,2
211,HUAWEI-mate60pro,13
212,HUAWEI-mate60pro,2
213,HUAWEI-mate60pro,44
214,HUAWEI-MateBook,49
215,HUAWEI-MateBook,39
216,HUAWEI-MateBook,9
217,HUAWEI-MateBook,19
218,HUAWEI-MateBook,39
219,HUAWEI-MateBook,9
220,HUAWEI-MateBook,3
221,HUAWEI-MateBook,19
222,HUAWEI-MateBook,49
223,HUAWEI-MateBook,17
224,HUAWEI-MateBook,9
225,HUAWEI-PadSE,23
226,HUAWEI-PadSE,30
227,HUAWEI-PadSE,30
228,HUAWEI-PadSE,30
229,HUAWEI-PadSE,23
230,HUAWEI-PadSE,30
231,HUAWEI-PadSE,30
232,HUAWEI-PadSE,30
233,HUAWEI-PadSE,30
234,HUAWEI-PadSE,30
235,HUAWEI-PadSE,30
236,HUAWEI-PadSE,30
237,HUAWEI-PadSE,30
238,HUAWEI-PadSE,30
239,HUAWEI-seHUODONGBAN,22
240,HUAWEI-seHUODONGBAN,3
241,HUAWEI-seHUODONGBAN,3
242,HUAWEI-seHUODONGBAN,3
243,HUAWEI-seHUODONGBAN,3
244,HUAWEI-seHUODONGBAN,22
245,HUAWEI-seHUODONGBAN,49
246,HUAWEI-seHUODONGBAN,3
247,HUAWEI-seHUODONGBAN,3
248,HUAWEI-seHUODONGBAN,3
249,IPad-11air,11
250,IPad-11air,11
251,IPad-11air,39
252,IPad-11air,43
253,IPad-11air,30
254,IPad-11air,11
255,IPad-11air,30
256,IPad-11air,11
257,IPad-11air,30
258,IPad-11air,11
259,IPad-11air,11
260,IPad-11air,11
261,IPad-11air,11
262,IPad-11air,11
263,IPad-11air,5
264,IPAD-9_1,49
265,IPAD-9_1,3
266,IPAD-9_1,3
267,IPAD-9_1,38
268,IPAD-9_1,39
269,IPAD-9_1,39
270,IPAD-9_1,3
271,IPAD-9_1,3
272,IPAD-9_1,3
273,IPAD-9_1,3
274,IPAD-9_1,3
275,IPAD-9_1,39
276,IPAD-9_2,49
277,IPAD-9_2,9
278,IPAD-9_2,38
279,IPAD-9_2,3
280,IPAD-9_2,3
281,IPAD-9_2,3
282,IPAD-9_2,16
283,IPAD-9_2,22
284,IPAD-9_2,3
285,IPAD-9_2,3
286,IPAD-9_2,39
287,IPAD-9_2,3
288,IPAD-mini5_1,3
289,IPAD-mini5_1,22
290,IPAD-mini5_1,19
291,IPAD-mini5_1,3
292,IPAD-mini5_1,3
293,IPAD-mini5_1,19
294,IPAD-mini5_1,39
295,IPAD-mini5_1,3
296,IPAD-mini5_1,3
297,IPAD-mini5_1,39
298,IPAD-mini5_1,3
299,IPAD-mini5_1,16
300,IPAD-mini5_1,39
301,IPAD-mini5_1,3
302,IPAD-mini5_1,22
303,IPAD-mini5_1,22
304,IPAD-mini5_1,3
305,IPAD-mini5_1,3
306,IPAD-mini5_1,3
307,IPAD-mini5_1,9
308,IPAD-mini5_1,22
309,IPAD-mini5_1,39
310,IP-14,3
311,IP-14,3
312,IP-14,3
313,IP-14,3
314,IP-14,49
315,IP-14,3
316,IP-14,49
317,IP-14,3
318,IP-14,39
319,IP-14,22
320,IP-14,3
321,IP-14,16
322,IPhone-12,39
323,IPhone-12,3
324,IPhone-12,3
325,IPhone-12,49
326,IPhone-12,3
327,IPhone-12,3
328,IPhone-12,39
329,IPhone-12,9
330,IPhone-12,3
331,IPhone-12,3
332,IPhone-12,3
333,IPhone-12,3
334,IPhone-12,22
335,IPhone-12,3
336,IPhone-12,3
337,IPhone-12,39
338,IPhone-12,3
339,IPhone-12,49
340,IPhone-12,39
341,IPhone-12,3
342,IPhone-12,3
343,IPhone-12_LTE31,22
344,IPhone-12_LTE31,16
345,IPhone-12,3
346,IPhone-12,3
347,IPhone-12,22
348,IPhone-12,3
349,IPhone-12,3
350,IPhone-12,3
351,IPhone-12,3
352,IPhone-12,3
353,IPhone-12,3
354,IPhone-12,3
355,IPhone-12,3
356,IPhone-12,3
357,OPPO-A36,0
358,OPPO-A36,9
359,OPPO-A36,22
360,OPPO-A36,22
361,OPPO-A36,38
362,OPPO-A36,28
363,OPPO-A36,0
364,OPPO-A36,0
365,OPPO-A36,0
366,OPPO-A36,3
367,OPPO-A36,0
368,OPPO-A36,0
369,OPPO-A36,3
370,OPPO-A36,0
371,OPPO-A36,28
372,OPPO-A36,3
373,OPPO-A36,3
374,OPPO-A36,22
375,OPPO-A36,0
376,OPPO-A36,32
377,OPPO-A55,20
378,OPPO-A55,20
379,OPPO-A55,20
380,OPPO-A55,25
381,OPPO-A55,47
382,OPPO-A55,20
383,OPPO-A55,35
384,OPPO-A55,27
385,OPPO-A55,50
386,OPPO-A55,27
387,OPPO-A55,50
388,OPPO-A55,20
389,OPPO-A55,50
390,OPPO-A55,50
391,OPPO-A55,50
392,OPPO-A55,50
393,OPPO-A55,27
394,OPPO-A55,50
395,OPPO-A55,50
396,OPPO-FINDX3PRO_1,38
397,OPPO-FINDX3PRO_1,9
398,OPPO-FINDX3PRO_1,3
399,OPPO-FINDX3PRO_1,9
400,OPPO-FINDX3PRO_1,0
401,OPPO-FINDX3PRO_1,25
402,OPPO-FINDX3PRO_1,25
403,OPPO-FINDX3PRO_1,3
404,OPPO-FINDX3PRO_1,3
405,OPPO-FINDX3PRO_1,3
406,OPPO-FINDX3PRO_1,0
407,OPPO-FINDX3PRO_1,39
408,OPPO-FINDX3PRO_2,43
409,OPPO-FINDX3PRO_2,22
410,OPPO-FINDX3PRO_2,30
411,OPPO-FINDX3PRO_2,30
412,OPPO-FINDX3PRO_2,30
413,OPPO-FINDX3PRO_2,43
414,OPPO-FINDX3PRO_2,45
415,OPPO-FINDX3PRO_2,45
416,OPPO-FINDX3PRO_2,0
417,OPPO-FINDX3PRO_2,32
418,OPPO-FINDX3PRO_2,30
419,OPPO-AFindX3_1,30
420,OPPO-AFindX3_1,37
421,OPPO-AFindX3_1,43
422,OPPO-AFindX3_1,43
423,OPPO-AFindX3_1,10
424,OPPO-AFindX3_1,5
425,OPPO-AFindX3_1,30
426,OPPO-AFindX3_1,37
427,OPPO-FINDX3_2,11
428,OPPO-FINDX3_2,11
429,OPPO-FINDX3_2,31
430,OPPO-FINDX3_2,5
431,OPPO-FINDX3_2,37
432,OPPO-FINDX3_2,5
433,OPPO-FINDX3_2,5
434,OPPO-FINDX3_2,30
435,OPPO-FINDX3_2,11
436,OPPO-FINDX3_2,14
437,OPPO-FINDX3_2,31
438,OPPO-FINDX5TianJi,19
439,OPPO-FINDX5TianJi,10
440,OPPO-FINDX5TianJi,1
441,OPPO-FINDX5TianJi,1
442,OPPO-FINDX5TianJi,20
443,OPPO-FINDX5TianJi,1
444,OPPO-FINDX5TianJi,1
445,OPPO-FINDX5TianJi,10
446,OPPO-FINDX5TianJi,1
447,OPPO-FINDX5TianJi,10
448,OPPO-FINDX5TianJi,20
449,OPPO-FINDX5TianJi,1
450,OPPO-FINDX5_1,23
451,OPPO-FINDX5_1,5
452,OPPO-FINDX5_1,29
453,OPPO-FINDX5_1,31
454,OPPO-FINDX5_1,20
455,OPPO-FINDX5_1,31
456,OPPO-FINDX5_1,10
457,OPPO-FINDX5_1,14
458,OPPO-FINDX5_1,23
459,OPPO-FINDX5_1,29
460,OPPO-FINDX5_2,39
461,OPPO-FINDX5_2,3
462,OPPO-FINDX5_2,3
463,OPPO-FINDX5_2,39
464,OPPO-FINDX5_2,3
465,OPPO-FINDX5_2,3
466,OPPO-FINDX5_2,22
467,OPPO-FINDX5_2,3
468,OPPO-FINDX5_2,49
469,OPPO-FINDX5_2,3
470,OPPO-FINDX5_2,3
471,OPPO-FINDX5_2,3
472,OPPO-FINDX5_2,3
473,OPPO-FINDX5_2,3
474,OPPO-FINDX5_2,3
475,OPPO-FINDX5_2,3
476,OPPO-FINDX6_1,1
477,OPPO-FINDX6_1,1
478,OPPO-FINDX6_1,1
479,OPPO-FINDX6_1,1
480,OPPO-FINDX6_1,1
481,OPPO-FINDX6_1,1
482,OPPO-FINDX6_1,50
483,OPPO-FINDX6_1,1
484,OPPO-FINDX6_1,50
485,OPPO-FINDX6_1,1
486,OPPO-FINDX6_1,1
487,IQOO-Z9X,48
488,IQOO-Z9X,45
489,IQOO-Z9X,0
490,IQOO-Z9X,3
491,IQOO-Z9X,0
492,IQOO-Z9X,0
493,IQOO-Z9X,39
494,IQOO-Z9X,47
495,IQOO-Z9X,3
496,IQOO-Z9X,16
497,IQOO-Z9X,0
498,IQOO-Z9X,22
499,IQOO-Z9X,0
500,IQOO-Z9X,0
501,IQOO-Z9X,0
502,IQOO-Z9X,0
503,IQOO-Z9X,32
504,IQOO-Z9X,0
505,IQOO-Z9X,3
506,VIVO-X60_1,36
507,VIVO-X60_1,29
508,VIVO-X60_1,29
509,VIVO-X60_1,29
510,VIVO-X60_1,48
511,VIVO-X60_1,36
512,VIVO-X60_1,37
513,VIVO-X60_1,36
514,VIVO-X60_1,36
515,VIVO-X60_1,45
516,VIVO-X60_1,36
517,VIVO-X60_2,29
518,VIVO-X60_2,29
519,VIVO-X60_2,26
520,VIVO-X60_2,40
521,VIVO-X60_2,36
522,VIVO-X60_2,36
523,VIVO-X60_2,36
524,VIVO-X60_2,47
525,VIVO-X60_2,36
526,VIVO-X60_2,45
527,VIVO-X60_2,36
528,VIVO-X60_2,29
529,VIVO-X60_2,36
530,VIVO-X60_2,36
531,VIVO-X60_2,49
532,VIVO-X70_PRO_1,12
533,VIVO-X70_PRO_1,6
534,VIVO-X70_PRO_1,12
535,VIVO-X70_PRO_1,12
536,VIVO-X70_PRO_1,6
537,VIVO-X70_PRO_1,12
538,VIVO-X70_PRO_1,3
539,VIVO-X70_PRO_1,12
540,VIVO-X70_PRO_1,12
541,VIVO-X70_PRO_1,12
542,VIVO-X70_PRO_1,6
543,VIVO-X70_PRO_1,46
544,VIVO-X70_PRO_1,6
545,VIVO-X70_PRO_2,1
546,VIVO-X70_PRO_2,20
547,VIVO-X70_PRO_2,20
548,VIVO-X70_PRO_2,10
549,VIVO-X70_PRO_2,47
550,VIVO-X70_PRO_2,47
551,VIVO-X70_PRO_2,20
552,VIVO-X70_PRO_2,20
553,VIVO-X70_PRO_2,47
554,VIVO-X70_PRO_2,10
555,VIVO-X70_PRO_2,27
556,VIVO-X70_PRO_2,27
557,VIVO-X70_PRO_2,27
558,VIVO-X80_2,47
559,VIVO-X80_2,1
560,VIVO-X80_2,10
561,VIVO-X80_2,10
562,VIVO-X80_2,10
563,VIVO-X80_2,1
564,VIVO-X80_2,10
565,VIVO-X80_2,1
566,VIVO-X80_2,1
567,VIVO-X80_2,20
568,VIVO-X80_2,20
569,VIVO-X80_2,47
570,VIVO-X90,1
571,VIVO-X90,19
572,VIVO-X90,47
573,VIVO-X90,10
574,VIVO-X90,1
575,VIVO-X90,20
576,VIVO-X90,20
577,VIVO-X90,10
578,VIVO-X90,19
579,VIVO-X90,10
580,VIVO-Y36T,50
581,VIVO-Y36T,27
582,VIVO-Y36T,50
583,VIVO-Y36T,27
584,VIVO-Y36T,50
585,VIVO-Y36T,50
586,VIVO-Y36T,20
587,VIVO-Y36T,27
588,VIVO-Y36T,50
589,VIVO-Y36T,50
590,VIVO-Y36T,50
591,XIAOMI-10MI1,49
592,XIAOMI-10MI1,23
593,XIAOMI-10MI1,32
594,XIAOMI-10MI1,27
595,XIAOMI-10MI1,23
596,XIAOMI-10MI1,23
597,XIAOMI-10MI1,23
598,XIAOMI-10MI1,32
599,XIAOMI-10MI1,32
600,XIAOMI-10MI1,23
601,XIAOMI-10MI1,23
602,XIAOMI-10MI1,23
603,XIAOMI-10Mi2,23
604,XIAOMI-10Mi2,14
605,XIAOMI-10Mi2,23
606,XIAOMI-10Mi2,23
607,XIAOMI-10Mi2,23
608,XIAOMI-10Mi2,23
609,XIAOMI-10Mi2,23
610,XIAOMI-10Mi2,23
611,XIAOMI-10Mi2,14
612,XIAOMI-10Mi2,3
613,XIAOMI-10MI3,23
614,XIAOMI-10MI3,37
615,XIAOMI-10MI3,14
616,XIAOMI-10MI3,14
617,XIAOMI-10MI3,5
618,XIAOMI-10MI3,14
619,XIAOMI-10MI3,37
620,XIAOMI-10MI3,11
621,XIAOMI-10MI3,37
622,XIAOMI-10MI3,5
623,XIAOMI-10MI3,37
624,XIAOMI-10MI3,47
625,XIAOMI-10MI5,45
626,XIAOMI-10MI5,32
627,XIAOMI-10MI5,14
628,XIAOMI-10MI5,32
629,XIAOMI-10MI5,23
630,XIAOMI-10MI5,45
631,XIAOMI-10MI5,47
632,XIAOMI-10MI5,0
633,XIAOMI-10MI5,20
634,XIAOMI-10MI5,45
635,XIAOMI-10MI5,14
636,XIAOMI-10MI5,45
637,XIAOMI-12,32
638,XIAOMI-12,32
639,XIAOMI-12,0
640,XIAOMI-12,45
641,XIAOMI-12,45
642,XIAOMI-12,0
643,XIAOMI-12,32
644,XIAOMI-12,0
645,XIAOMI-12,32
646,XIAOMI-12,32
647,XIAOMI-12,0
648,XIAOMI-12,22
649,XIAOMI-12,32
650,XIAOMI-12,16
651,XIAOMI-12,0
652,XIAOMI-12,45
653,XIAOMI-12,0
654,XIAOMI-12,0
655,XIAOMI-12,0
656,XIAOMI-12,3
657,XIAOMI-12X,49
658,XIAOMI-12X,39
659,XIAOMI-12X,48
660,XIAOMI-12X,48
661,XIAOMI-12X,9
662,XIAOMI-12X,49
663,XIAOMI-12X,9
664,XIAOMI-12X,9
665,XIAOMI-12X,22
666,XIAOMI-12X,3
667,XIAOMI-12X,9
668,XIAOMI-12X,9
669,XIAOMI-12X,3
670,XIAOMI-12X,9
671,XIAOMI-13,21
672,XIAOMI-13,21
673,XIAOMI-13,21
674,XIAOMI-13,21
675,XIAOMI-13,5
676,XIAOMI-13,21
677,XIAOMI-13,21
678,XIAOMI-13,21
679,XIAOMI-13,21
680,XIAOMI-13,21
681,XIAOMI-13,21
682,XIAOMI-MI11Lite,23
683,XIAOMI-MI11Lite,23
684,XIAOMI-MI11Lite,32
685,XIAOMI-MI11Lite,14
686,XIAOMI-MI11Lite,23
687,XIAOMI-MI11Lite,23
688,XIAOMI-MI11Lite,5
689,XIAOMI-MI11Lite,32
690,XIAOMI-MI11Lite,27
691,XIAOMI-MI11Lite,23
692,XIAOMI-MI11Lite,14
693,XIAOMI-MI11Lite,23
